face_id,lot,dmp,county_objectid,county_address
FACE-0303,1,151,38905565,7 ST PHILLIPS BLVD
FACE-0387,10,286,38905714,24 ST PHILLIPS BLVD
FACE-0827,100,214,38905635,58 MUM GRACE
FACE-0080,1001,,38906429,101 N MARKET
FACE-0071,"1004,1089","1021,1036",38906445,CHEROKEE FARMS RD
FACE-0077,1007,1039,38906448,104 N ASSEMBLY ROW
FACE-0074,1008,1040,38906449,106 N ASSEMBLY ROW
FACE-0066,1009,1041,38906450,108 N ASSEMBLY ROW
FACE-0792,101,243,38905667,80 EVE CRK
FACE-0057,1010,1042,38906451,110 N ASSEMBLY ROW
FACE-0049,1011,1043,38906452,112 N ASSEMBLY ROW
FACE-0046,1012,1044,38906453,113 N ASSEMBLY ROW
FACE-0052,1013,1045,38906454,111 N ASSEMBLY ROW
FACE-0067,1014,1046,38906455,107 N ASSEMBLY ROW
FACE-0073,1015,1047,38906456,106 N ABBEY ROW
FACE-0065,1016,1048,38906457,108 N ABBEY ROW
FACE-0055,1017,1049,38906458,110 N ABBEY ROW
FACE-0048,1018,1050,38906459,112 N ABBEY ROW
FACE-0047,1019,1055,38906464,111 N ABBEY ROW
FACE-0831,102,213,38905634,62 MUM GRACE
FACE-0053,1020,1056,38906465,109 N ABBEY ROW
FACE-0064,1021,1057,38906466,107 N ABBEY ROW
FACE-0072,1022,1058,38906467,105 N ABBEY ROW
FACE-0075,1023,1059,38906468,10 LOUIS PINCKNEY SR AVE
FACE-0070,1024,1060,38906469,12 LOUIS PINCKNEY SR AVE
FACE-0063,1025,1061,38906470,14 LOUIS PINCKNEY SR AVE
FACE-0056,1026,1062,38906471,16 LOUIS PINCKNEY SR AVE
FACE-0051,1027,1063,38906472,18 LOUIS PINCKNEY SR AVE
FACE-0045,1028,1064,38906473,20 LOUIS PINCKNEY SR AVE
FACE-0038,1029,1079,38906488,37 EMMETT DAVIS JR BLVD
FACE-0785,103,242,38905666,88 EVE CRK
FACE-0036,1030,1080,38906489,39 EMMETT DAVIS JR BLVD
FACE-0023,1031,1081,38906490,33 LOUIS PINCKNEY SR AVE
FACE-0031,1032,1082,38906491,31 LOUIS PINCKNEY SR AVE
FACE-0032,1033,1083,38906492,29 LOUIS PINCKNEY SR AVE
FACE-0033,1034,1131,38906539,27 LOUIS PINCKNEY SR AVE
FACE-0035,1035,1132,38906540,25 LOUIS PINCKNEY SR AVE
FACE-0042,1036,1133,38906541,23 LOUIS PINCKNEY SR AVE
FACE-0050,1037,1065,38906474,19 LOUIS PINCKNEY SR AVE
FACE-0054,1038,1066,38906475,17 LOUIS PINCKNEY SR AVE
FACE-0062,1039,1067,38906476,15 LOUIS PINCKNEY SR AVE
FACE-0835,104,212,38905633,66 MUM GRACE
FACE-0069,1040,,38906477,11 LOUIS PINCKNEY SR AVE
FACE-0076,1041,,38906478,7 LOUIS PINCKNEY SR AVE
FACE-0078,1042,,38906479,5 LOUIS PINCKNEY SR AVE
FACE-0081,1043,,38906480,3 LOUIS PINCKNEY SR AVE
FACE-0030,1044,1091,38906500,25 FRANCIS CLARA PKY
FACE-0027,1045,1092,38906501,27 FRANCIS CLARA PKY
FACE-0026,1046,1093,38906502,29 FRANCIS CLARA PKY
FACE-0025,1047,1094,38906503,31 FRANCIS CLARA PKY
FACE-0028,1048,1095,38906504,33 FRANCIS CLARA PKY
FACE-0034,1049,1084,38906493,28 ZEB RUN
FACE-0801,105,224,38905645,15 EVE CRK
FACE-0037,1050,1085,38906494,26 ZEB RUN
FACE-0039,1051,1086,38906495,24 ZEB RUN
FACE-0044,1052,1087,38906496,20 ZEB RUN
FACE-0043,1053,1088,38906497,18 ZEB RUN
FACE-0041,1054,1089,38906498,16 ZEB RUN
FACE-0040,1055,1090,38906499,14 ZEB RUN
FACE-0058,1056,1072,38906481,15 ZEB RUN
FACE-0059,1057,1073,38906482,17 ZEB RUN
FACE-0060,1058,1074,38906483,19 ZEB RUN
FACE-0061,1059,1075,38906484,21 ZEB RUN
FACE-0839,106,211,38905632,70 MUM GRACE
FACE-0029,1060,1096,38906505,37 FRANCIS CLARA PKY
FACE-0024,1061,1097,38906506,39 FRANCIS CLARA PKY
FACE-0022,1062,1098,38906507,41 FRANCIS CLARA PKY
FACE-0020,1063,1099,38906508,43 FRANCIS CLARA PKY
FACE-0019,1064,1100,38906509,45 FRANCIS CLARA PKY
FACE-0017,1065,1101,38906510,47 FRANCIS CLARA PKY
FACE-0021,1066,1102,38906511,40 FIELDERS MOUNT
FACE-0018,1067,1103,38906512,38 FIELDERS MOUNT
FACE-0016,1068,1104,38906513,36 FIELDERS MOUNT
FACE-0015,1069,1105,38906514,34 FIELDERS MOUNT
FACE-0814,107,222,38905643,55 MUM GRACE
FACE-0014,1070,1106,38906515,30 FIELDERS MOUNT
FACE-0013,1071,1107,38906516,28 FIELDERS MOUNT
FACE-0009,1072,1108,38906517,26 FIELDERS MOUNT
FACE-0006,1073,1109,38906518,24 FIELDERS MOUNT
FACE-0002,1074,1110,38906519,22 FIELDERS MOUNT
FACE-0001,1075,1111,38906520,20 FIELDERS MOUNT
FACE-0003,1076,1112,38906521,16 FIELDERS MOUNT
FACE-0004,1077,1113,38906522,14 FIELDERS MOUNT
FACE-0005,1078,1114,38906523,12 FIELDERS MOUNT
FACE-0007,1079,1115,38906524,10 FIELDERS MOUNT
FACE-0713,108,173,38905593,141 COLLIN CAMPBELL
FACE-0008,1080,1116,38906525,8 FIELDERS MOUNT
FACE-0010,1081,1117,38906526,6 FIELDERS MOUNT
FACE-0011,1082,1118,38906527,4 FIELDERS MOUNT
FACE-0012,1083,1119,38906528,2 FIELDERS MOUNT
FACE-0082,1085,,38906443,CHEROKEE FARMS RD
FACE-0083,1086,,38906442,CHEROKEE FARMS RD
FACE-0084,1087,1051,38906460,159 CHEROKEE FARMS RD
FACE-0797,109,221,38905642,51 MUM GRACE
FACE-0710,110,174,38905594,143 COLLIN CAMPBELL
FACE-0781,111,216,38905637,30 GRACE PARK
FACE-0706,112,175,38905595,145 COLLIN CAMPBELL
FACE-0779,113,217,38905638,32 GRACE PARK
FACE-0703,114,176,38905596,147 COLLIN CAMPBELL
FACE-0776,115,218,38905639,34 GRACE PARK
FACE-0699,116,177,38905597,149 COLLIN CAMPBELL
FACE-0773,117,219,38905640,36 GRACE PARK
FACE-0698,118,178,38905598,151 COLLIN CAMPBELL
FACE-0769,119,220,38905641,38 GRACE PARK
FACE-0672,120,331,38905759,7 LITTLE JANE WAY
FACE-0765,121,345,38905780,42 GRACE PARK
FACE-0667,122,332,38905760,11 LITTLE JANE WAY
FACE-0762,123,344,38905779,46 GRACE PARK
FACE-0666,124,333,38905761,15 LITTLE JANE WAY
FACE-0757,125,343,38905778,48 GRACE PARK
FACE-0669,126,334,38905762,19 LITTLE JANE WAY
FACE-0749,127,342,38905777,50 GRACE PARK
FACE-0673,128,335,38905763,23 LITTLE JANE WAY
FACE-0745,129,341,38905776,52 GRACE PARK
FACE-0681,130,336,38905764,27 LITTLE JANE WAY
FACE-0739,131,340,38905775,54 GRACE PARK
FACE-0691,132,337,38905765,31 LITTLE JANE WAY
FACE-0750,133,346,38905781,28 OAK POND PASSAGE
FACE-0707,134,338,38905766,35 LITTLE JANE WAY
FACE-0743,135,347,38905782,30 OAK POND PASSAGE
FACE-0736,137,348,38905783,32 OAK POND PASSAGE
FACE-0720,138,339,38905767,39 LITTLE JANE WAY
FACE-0729,139,349,38905784,34 OAK POND PASSAGE
FACE-0405,14,287,38905715,28 ST PHILLIPS BLVD
FACE-0788,140,223,38905644,8 OAK POND PASSAGE
FACE-0712,141,350,38905789,36 OAK POND PASSAGE
FACE-0782,142,430,38905872,12 OAK POND PASSAGE
FACE-0697,143,351,38905790,40 OAK POND PASSAGE
FACE-0780,144,237,38905658,14 OAK POND PASSAGE
FACE-0685,145,352,38905791,44 OAK POND PASSAGE
FACE-0777,146,238,38905659,16 OAK POND PASSAGE
FACE-0668,147,353,38905792,48 OAK POND PASSAGE
FACE-0772,148,239,38905660,18 OAK POND PSGE
FACE-0583,149,323,38905751,53 ST PHILLIPS BLVD
FACE-0768,150,240,38905664,20 OAK POND PASSAGE
FACE-0596,151,322,38905750,55 ST PHILLIPS BLVD
FACE-0766,152,241,38905665,22 OAK POND PSGE
FACE-0625,153,321,38905749,111 COLLIN CAMPBELL
FACE-0647,155,320,38905748,115 COLLIN CAMPBELL
FACE-0658,157,319,38905747,119 COLLIN CAMPBELL
FACE-0676,159,318,38905746,121 COLLIN CAMPBELL
FACE-0763,160,354,38905793,24 OAK POND PASSAGE
FACE-0694,161,317,38905745,125 COLLIN CAMPBELL
FACE-0755,162,172,38905592,36 MUM GRACE
FACE-0711,163,316,38905744,129 COLLIN CAMPBELL
FACE-0758,164,314,38905742,138 COLLIN CAMPBELL
FACE-0716,165,315,38905743,133 COLLIN CAMPBELL
FACE-0751,166,313,38905741,134 COLLIN CAMPBELL
FACE-0721,167,171,38905591,137 COLLIN CAMPBELL
FACE-0744,168,312,38905740,3 OVER DAM
FACE-0708,169,305,38905733,2 OVER DAM
FACE-0419,17,159,38905571,31 ST PHILLIPS BLVD
FACE-0752,170,311,38905739,7 OVER DAM
FACE-0715,171,306,38905734,6 OVER DAM
FACE-0760,172,310,38905738,11 OVER DAM
FACE-0724,173,307,38905735,10 OVER DAM
FACE-0767,174,324,38905752,15 OVER DAM
FACE-0732,175,308,38905736,14 OVER DAM
FACE-0770,176,325,38905753,19 OVER DAM
FACE-0738,177,309,38905737,18 OVER DAM
FACE-0786,178,326,38905754,8 FRANCIS DAVANT
FACE-0775,179,329,38905757,9 FRANCIS DAVANT
FACE-0422,18,288,38905716,34 ST PHILLIPS BLVD
FACE-0804,180,327,38905755,14 FRANCIS DAVANT
FACE-0787,181,330,38905758,15 FRANCIS DAVANT
FACE-0818,182,328,38905756,20 FRANCIS DAVANT
FACE-0294,183,278,38905702,19 JAMES HABERSHAM
FACE-0556,184,295,38905723,100 ST PHILLIPS BLVD
FACE-0302,185,279,38905703,23 JAMES HABERSHAM
FACE-0571,186,296,38905724,102 POND SIDE
FACE-0309,187,280,38905708,27 JAMES HABERSHAM
FACE-0321,189,281,38905709,31 JAMES HABERSHAM
FACE-0582,190,390,38905829,106 POND SIDE
FACE-0588,191,391,38905830,108 POND SIDE
FACE-0599,192,392,38905831,110 POND SIDE
FACE-0609,193,393,38905832,112 POND SIDE
FACE-0620,194,394,38905833,114 POND SIDE
FACE-0640,195,395,38905834,116 POND SIDE
FACE-0664,196,396,38905835,120 POND SIDE
FACE-0680,197,397,38905836,122 POND SIDE
FACE-0696,198,398,38905837,124 POND SIDE
FACE-0714,199,399,38905838,126 POND SIDE
FACE-0313,2,282,38905710,8 ST PHILLIPS BLVD
FACE-0450,20,289,38905717,38 ST PHILLIPS BLVD
FACE-0728,200,400,38905839,128 POND SIDE
FACE-0740,201,401,38905840,132 POND SIDE
FACE-0742,202,402,38905841,136 POND SIDE
FACE-0746,203,403,38905842,24 RIVER PL
FACE-0730,204,404,38905843,26 RIVER PL
FACE-0718,205,405,38905844,28 RIVER PL
FACE-0734,206,410,38905849,29 RIVER PL
FACE-0748,207,411,38905850,27 RIVER PL
FACE-0764,208,412,38905851,25 RIVER PL
FACE-0778,209,413,38905852,23 RIVER PL
FACE-0452,21,161,38905573,35 ST PHILLIPS BLVD
FACE-0791,210,414,38905853,21 RIVER PL
FACE-0811,211,415,38905854,19 RIVER PL
FACE-0825,212,416,38905855,17 RIVER PL
FACE-0838,213,417,38905856,15 RIVER PL
FACE-0832,214,418,38905857,11 RIVER PL
FACE-0829,215,419,38905858,9 RIVER PL
FACE-0826,216,420,38905859,7 RIVER PL
FACE-0823,217,421,38905860,5 RIVER PL
FACE-0821,218,422,38905861,1 RIVER PL
FACE-0805,219,423,38905862,33 OVER DAM
FACE-0464,22,290,38905718,42 ST PHILLIPS BLVD
FACE-0802,220,424,38905863,31 OVER DAM
FACE-0799,221,425,38905864,29 OVER DAM
FACE-0793,222,426,38905865,27 OVER DAM
FACE-0794,223,427,38905866,25 OVER DAM
FACE-0692,224,406,38905845,30 RIVER PL
FACE-0674,225,407,38905846,32 RIVER PL
FACE-0656,226,408,38905847,34 RIVER PL
FACE-0639,227,409,38905848,36 RIVER PL
FACE-0496,228,475,38905917,1 BISHOP RD
FACE-0525,229,474,38905916,3 BISHOP RD
FACE-0510,23,162,38905574,43 ST PHILLIPS BLVD
FACE-0542,230,473,38905915,5 BISHOP RD
FACE-0553,231,472,38905914,7 BISHOP RD
FACE-0557,232,471,38905913,37 PORCHER PINCKNEY
FACE-0544,233,470,38905912,39 PORCHER PINCKNEY
FACE-0529,234,469,38905911,41 PORCHER PINCKNEY
FACE-0516,235,468,38905910,43 PORCHER PINCKNEY
FACE-0504,236,467,38905909,45 PORCHER PINCKNEY
FACE-0474,237,477,38905919,52 EASTOVER
FACE-0497,238,478,38905920,53 EASTOVER
FACE-0475,239,476,38905918,50 N EASTOVER
FACE-0490,24,291,38905719,46 ST PHILLIPS BLVD
FACE-0555,240,438,38905880,2 BISHOP RD
FACE-0572,241,,38905881,4 BISHOP RD
FACE-0587,242,440,38905882,6 BISHOP RD
FACE-0646,246,444,38905886,33 PORCHER PINCKNEY
FACE-0665,247,445,38905887,31 PORCHER PINCKNEY
FACE-0633,248,446,38905888,32 PORCHER PINCKNEY
FACE-0611,249,447,38905889,34 PORCHER PINCKNEY
FACE-0531,25,163,38905575,45 ST PHILLIPS BLVD
FACE-0595,250,448,38905890,36 PORCHER PINCKNEY
FACE-0619,251,449,38905891,6 EASTOVER
FACE-0623,252,450,38905892,8 EASTOVER
FACE-0628,253,451,38905893,10 S EASTOVER
FACE-0636,254,452,38905894,12 S EASTOVER
FACE-0645,255,453,38905895,14 S EASTOVER
FACE-0653,256,454,38905896,16 S EASTOVER
FACE-0603,257,455,38905897,77 N EASTOVER
FACE-0586,258,456,38905898,75 N EASTOVER
FACE-0579,259,457,38905899,73 N EASTOVER
FACE-0502,26,292,38905720,48 ST PHILLIPS BLVD
FACE-0569,260,458,38905900,71 EASTOVER
FACE-0559,261,459,38905901,69 N EASTOVER
FACE-0549,262,460,38905902,67 EASTOVER
FACE-0539,263,461,38905903,65 N EASTOVER
FACE-0512,264,462,38905904,63 N EASTOVER
FACE-0499,265,463,38905905,61 EASTOVER
FACE-0484,266,464,38905906,59 EASTOVER
FACE-0480,267,465,38905907,57 N EASTOVER
FACE-0472,268,466,38905908,55 EASTOVER
FACE-0476,269,485,38905927,1 MOUNT GRACE
FACE-0546,27,164,38905576,47 ST PHILLIPS BLVD
FACE-0468,270,537,38905979,3 MOUNT GRACE
FACE-0463,271,538,38905980,5 MOUNT GRACE
FACE-0456,272,539,38905981,7 MOUNT GRACE
FACE-0448,273,540,38905982,9 MOUNT GRACE
FACE-0442,274,489,38905931,11 MOUNT GRACE
FACE-0444,275,490,38905932,13 MOUNT GRACE
FACE-0443,276,491,38905933,15 MOUNT GRACE
FACE-0440,277,492,38905934,17 MOUNT GRACE
FACE-0438,278,493,38905935,19 MOUNT GRACE
FACE-0437,279,494,38905936,21 MOUNT GRACE
FACE-0517,28,293,38905721,50 ST PHILLIPS BLVD
FACE-0436,280,495,38905937,23 MOUNT GRACE
FACE-0435,281,496,38905938,25 MOUNT GRACE
FACE-0433,282,497,38905939,27 MOUNT GRACE
FACE-0434,283,498,38905940,29 MOUNT GRACE
FACE-0441,284,499,38905941,31 MOUNT GRACE
FACE-0481,285,500,38905942,41 EASTOVER
FACE-0511,286,501,38905943,39 EASTOVER
FACE-0536,287,502,38905944,37 EASTOVER
FACE-0560,288,503,38905945,35 EASTOVER
FACE-0578,289,504,38905946,33 EASTOVER
FACE-0567,29,249,38905673,51 ST PHILLIPS BLVD
FACE-0598,290,505,38905947,31 EASTOVER
FACE-0614,291,506,38905948,29 S EASTOVER
FACE-0594,292,507,38905949,1 COLONY CT
FACE-0574,293,508,38905950,2 COLONY CT
FACE-0547,294,509,38905951,3 COLONY CT
FACE-0530,295,510,38905952,4 COLONY CT
FACE-0488,296,511,38905953,26 MOUNT GRACE
FACE-0487,297,512,38905954,24 MOUNT GRACE
FACE-0485,298,513,38905955,70 GRACE PARK
FACE-0503,299,514,38905956,68 GRACE PARK
FACE-0317,3,152,38905566,11 ST PHILLIPS BLVD
FACE-0537,30,294,38905722,54 ST PHILLIPS BLVD
FACE-0521,300,515,38905957,66 GRACE PARK
FACE-0534,301,516,38905958,64 GRACE PARK
FACE-0551,302,517,38905959,62 GRACE PARK
FACE-0565,303,518,38905960,60 GRACE PARK
FACE-0577,304,519,38905961,58 GRACE PARK
FACE-0589,305,520,38905962,56 GRACE PARK
FACE-0568,306,521,38905963,57 GRACE PARK
FACE-0552,307,522,38905964,59 GRACE PARK
FACE-0545,308,523,38905965,61 GRACE PARK
FACE-0526,309,524,38905966,101 TOWN CRIER
FACE-0580,31,186,38905605,11 MUM GRACE
FACE-0513,310,525,38905967,103 TOWN CRIER
FACE-0501,311,526,38905968,105 TOWN CRIER
FACE-0486,312,527,38905969,107 TOWN CRIER
FACE-0514,313,528,38905970,4 MOUNT GRACE
FACE-0523,314,529,38905971,2 MOUNT GRACE
FACE-0618,315,531,38905973,17 EASTOVER
FACE-0629,316,532,38905974,19 EASTOVER
FACE-0637,317,533,38905975,21 EASTOVER
FACE-0642,318,534,38905976,23 EASTOVER
FACE-0650,319,535,38905977,25 S EASTOVER
FACE-0604,32,165,38905577,14 MUM GRACE
FACE-0654,320,536,38905978,27 EASTOVER
FACE-0338,321,637,38906079,5 S LOUDON
FACE-0390,324,634,38906076,2 FORT LYTTLETON
FACE-0394,325,633,38906075,4 FORT LYTTLETON
FACE-0399,326,632,38906074,6 FORT LYTTLETON
FACE-0404,327,631,38906073,8 FORT LYTTLETON
FACE-0410,328,630,38906072,10 FORT LYTTLETON
FACE-0418,329,629,38906071,11 HOLLINGSWORTH RUN
FACE-0428,330,628,38906070,13 HOLLINGSWORTH RUN
FACE-0461,331,627,38906069,12 HOLLINGSWORTH RUN
FACE-0449,332,626,38906068,10 HOLLINGSWORTH RUN
FACE-0427,333,625,38906067,8 HOLLINGSWORTH RUN
FACE-0416,334,624,38906066,6 HOLLINGSWORTH RUN
FACE-0408,335,623,38906065,4 HOLLINGSWORTH RUN
FACE-0398,336,622,38906064,2 HOLLINGSWORTH RUN
FACE-0385,337,642,38906084,9 FORT LYTTLETON
FACE-0380,338,641,38906083,7 FORT LYTTLETON
FACE-0372,339,640,38906082,5 FORT LYTTLETON
FACE-0616,34,166,38905578,16 MUM GRACE
FACE-0366,340,639,38906081,3 FORT LYTTLETON
FACE-0359,341,638,38906080,1 FORT LYTTLETON
FACE-0494,342,610,38906052,152 COLLIN CAMPBELL
FACE-0479,343,611,38906053,154 COLLIN CAMPBELL
FACE-0467,344,612,38906054,156 COLLIN CAMPBELL
FACE-0459,345,613,38906055,158 COLLIN CAMPBELL
FACE-0439,346,614,38906056,160 COLLIN CAMPBELL
FACE-0423,347,615,38906057,162 COLLIN CAMPBELL
FACE-0415,348,616,38906058,164 COLLIN CAMPBELL
FACE-0527,349,609,38906051,153 COLLIN CAMPBELL
FACE-0602,35,184,38905604,15 MUM GRACE
FACE-0519,350,608,38906050,155 COLLIN CAMPBELL
FACE-0506,351,607,38906049,157 COLLIN CAMPBELL
FACE-0495,352,606,38906048,159 COLLIN CAMPBELL
FACE-0482,353,605,38906047,161 COLLIN CAMPBELL
FACE-0469,354,604,38906046,163 COLLIN CAMPBELL
FACE-0457,355,579,38906021,165 COLLIN CAMPBELL
FACE-0451,356,578,38906020,167 COLLIN CAMPBELL
FACE-0518,357,603,38906045,1 TUSCARORA TRL
FACE-0541,358,602,38906044,3 TUSCARORA TRL
FACE-0562,359,601,38906043,5 TUSCARORA TRL
FACE-0635,36,167,38905579,18 MUM GRACE
FACE-0576,360,600,38906042,7 TUSCARORA TRL
FACE-0585,361,599,38906041,9 TUSCARORA TRL
FACE-0597,362,598,38906040,11 TUSCARORA TRL
FACE-0608,363,597,38906039,13 TUSCARORA TRL
FACE-0626,364,596,38906038,15 TUSCARORA TRL
FACE-0643,365,595,38906037,17 TUSCARORA TRL
FACE-0657,366,594,38906036,19 TUSCARORA TRL
FACE-0670,367,593,38906035,21 TUSCARORA TRL
FACE-0687,368,592,38906034,23 TUSCARORA TRL
FACE-0701,369,591,38906033,25 TUSCARORA TRL
FACE-0612,37,183,38905603,17 MUM GRACE
FACE-0489,370,580,38906022,2 TUSCARORA TRL
FACE-0505,371,581,38906023,4 TUSCARORA TRL
FACE-0524,372,582,38906024,6 TUSCARORA TRL
FACE-0543,373,583,38906025,8 TUSCARORA TRL
FACE-0554,374,584,38906026,10 TUSCARORA TRL
FACE-0570,375,585,38906027,12 TUSCARORA TRL
FACE-0590,376,586,38906028,14 TUSCARORA TRL
FACE-0606,377,587,38906029,16 TUSCARORA TRL
FACE-0624,378,588,38906030,18 TUSCARORA TRL
FACE-0644,379,589,38906031,20 TUSCARORA TRL
FACE-0649,38,168,38905580,20 MUM GRACE
FACE-0659,380,590,38906032,22 TUSCARORA TRL
FACE-0336,381,646,38906088,33 JAMES HABERSHAM
FACE-0346,382,645,38906087,35 JAMES HABERSHAM
FACE-0353,383,644,38906086,37 JAMES HABERSHAM
FACE-0365,384,643,38906085,39 JAMES HABERSHAM
FACE-0374,385,621,38906063,41 JAMES HABERSHAM
FACE-0386,386,620,38906062,43 JAMES HABERSHAM
FACE-0393,387,619,38906061,45 JAMES HABERSHAM
FACE-0400,388,618,38906060,47 JAMES HABERSHAM
FACE-0411,389,617,38906059,49 JAMES HABERSHAM
FACE-0632,39,182,38905602,19 MUM GRACE
FACE-0432,390,577,38906019,51 JAMES HABERSHAM
FACE-0460,391,576,38906018,53 JAMES HABERSHAM
FACE-0483,392,575,38906017,55 JAMES HABERSHAM
FACE-0509,393,574,38906016,57 JAMES HABERSHAM
FACE-0540,394,573,38906015,59 JAMES HABERSHAM
FACE-0566,395,572,38906014,61 JAMES HABERSHAM
FACE-0584,396,571,38906013,63 JAMES HABERSHAM
FACE-0601,397,570,38906012,65 JAMES HABERSHAM
FACE-0615,398,569,38906011,67 JAMES HABERSHAM
FACE-0263,399,647,38906089,9 LOUDON
FACE-0326,4,283,38905711,12 ST PHILLIPS BLVD
FACE-0663,40,169,38905581,22 MUM GRACE
FACE-0280,400,648,38906090,7 LOUDON
FACE-0297,401,649,38906091,32 JAMES HABERSHAM
FACE-0308,402,650,38906092,34 JAMES HABERSHAM
FACE-0320,403,651,38906093,36 JAMES HABERSHAM
FACE-0343,404,652,38906094,38 JAMES HABERSHAM
FACE-0349,405,653,38906095,40 JAMES HABERSHAM
FACE-0360,406,654,38906096,42 JAMES HABERSHAM
FACE-0368,407,655,38906097,44 JAMES HABERSHAM
FACE-0375,408,656,38906098,46 JAMES HABERSHAM
FACE-0389,409,657,38906099,48 JAMES HABERSHAM
FACE-0648,41,181,38905601,21 MUM GRACE
FACE-0420,410,556,38905998,3 TREADLANDS
FACE-0431,411,557,38905999,1 TREADLANDS
FACE-0453,412,558,38906000,50 JAMES HABERSHAM
FACE-0471,413,559,38906001,52 JAMES HABERSHAM
FACE-0493,414,560,38906002,54 JAMES HABERSHAM
FACE-0520,415,561,38906003,56 JAMES HABERSHAM
FACE-0538,416,562,38906004,58 JAMES HABERSHAM
FACE-0558,417,563,38906005,60 JAMES HABERSHAM
FACE-0593,418,568,38906010,38 RIVER PL
FACE-0575,419,567,38906009,40 RIVER PL
FACE-0686,42,170,38905590,26 MUM GRACE
FACE-0564,420,566,38906008,42 RIVER PL
FACE-0548,421,565,38906007,44 RIVER PL
FACE-0532,422,564,38906006,46 RIVER PL
FACE-0515,423,551,38905993,9 BLUFF
FACE-0498,424,552,38905994,7 W BLUFF
FACE-0477,425,553,38905995,5 W BLUFF
FACE-0465,426,554,38905996,3 WEST BLUFF
FACE-0455,427,555,38905997,1 W BLUFF
FACE-0421,428,546,38905988,2 W BLUFF
FACE-0426,429,547,38905989,4 W BLUFF
FACE-0662,43,180,38905600,23 MUM GRACE
FACE-0445,430,548,38905990,6 W BLUFF
FACE-0454,431,549,38905991,8 W BLUFF
FACE-0466,432,550,38905992,10 BLUFF
FACE-0478,434,678,38906119,50 RIVER PL
FACE-0462,435,679,38906120,52 RIVER PL
FACE-0447,436,680,38906121,54 RIVER PL
FACE-0414,437,681,38906122,56 RIVER PL
FACE-0406,438,682,38906123,58 RIVER PL
FACE-0397,439,683,38906124,60 RIVER PL
FACE-0771,44,203,38905623,29 GRACE PARK
FACE-0391,440,684,38906125,62 RIVER PL
FACE-0382,441,685,38906126,64 RIVER PL
FACE-0371,442,686,38906127,66 RIVER PL
FACE-0357,443,687,38906128,68 RIVER PL
FACE-0345,444,688,38906129,70 RIVER PL
FACE-0334,445,689,38906130,72 RIVER PL
FACE-0352,446,690,38906131,21 TREADLANDS
FACE-0362,447,691,38906132,19 TREADLANDS
FACE-0370,448,692,38906133,17 TREADLANDS
FACE-0376,449,693,38906134,15 TREADLANDS
FACE-0679,45,179,38905599,25 MUM GRACE
FACE-0383,450,694,38906135,13 TREADLANDS
FACE-0392,451,695,38906136,11 TREADLANDS
FACE-0396,452,696,38906137,9 TREADLANDS
FACE-0403,453,697,38906138,7 TREADLANDS
FACE-0407,454,698,38906139,5 TREADLANDS
FACE-0409,455,699,38906140,1 PHOEBE
FACE-0413,456,700,38906141,3 PHOEBE
FACE-0417,457,701,38906142,5 PHOEBE PASS
FACE-0425,458,702,38906143,7 PHOEBE PASS
FACE-0402,459,703,38906144,4 PHOEBE PASS
FACE-0783,46,202,38905622,25 GRACE PARK
FACE-0395,460,704,38906145,2 PHOEBE PASS
FACE-0388,461,705,38906146,1 CARRIAGE
FACE-0377,462,706,38906147,3 CARRIAGE RUN
FACE-0528,463,707,38906148,47 RIVER PL
FACE-0508,464,708,38906149,49 RIVER PL
FACE-0491,465,709,38906150,51 RIVER PL
FACE-0470,466,710,38906151,53 RIVER PL
FACE-0458,467,711,38906152,55 RIVER PL
FACE-0446,468,712,38906153,57 RIVER PL
FACE-0424,469,713,38906154,59 RIVER PL
FACE-0790,47,204,38905624,26 GRACE PARK
FACE-0412,470,714,38906155,61 RIVER PL
FACE-0358,471,715,38906156,2 BRIGHTON TRCE
FACE-0363,472,716,38906157,4 BRIGHTON TRCE
FACE-0367,473,717,38906158,6 BRIGHTON TRCE
FACE-0378,474,718,38906159,8 BRIGHTON TRCE
FACE-0384,475,719,38906160,10 BRIGHTON TRCE
FACE-0379,476,720,38906161,12 BRIGHTON TRCE
FACE-0361,477,482,38905924,11 BRIGHTON TRCE
FACE-0348,478,722,38906163,1 BRIDGE PT
FACE-0339,479,723,38906164,3 BRIDGE PT
FACE-0789,48,201,38905621,21 GRACE PARK
FACE-0332,480,724,38906165,5 BRIDGE PT
FACE-0333,481,725,38906166,16 WEST HAVEN ST
FACE-0327,482,726,38906167,18 WEST HAVEN ST
FACE-0324,483,727,38906168,20 WST HAVEN ST
FACE-0316,484,728,38906169,22 WEST HAVEN ST
FACE-0299,485,729,38906170,15 E MANOR
FACE-0290,486,730,38906171,13 MANOR
FACE-0279,488,731,38906172,9 MANOR
FACE-0269,489,732,38906173,7 MANOR
FACE-0803,49,205,38905625,22 GRACE PARK
FACE-0262,490,733,38906174,5 MANOR
FACE-0248,491,734,38906175,3 MANOR
FACE-0242,492,735,38906176,1 MANOR
FACE-0247,493,736,38906177,2 WEST HAVEN ST
FACE-0264,494,737,38906178,4 WEST HAVEN ST
FACE-0273,495,738,38906179,6 WEST HAVEN ST
FACE-0282,496,739,38906180,8 WEST HAVEN ST
FACE-0296,497,740,38906181,10 WEST HAVEN ST
FACE-0304,498,741,38906182,12 WEST HAVEN ST
FACE-0312,499,742,38906183,14 WEST HAVEN ST
FACE-0335,5,153,38905567,15 ST PHILLIPS BLVD
FACE-0798,50,200,38905620,17 GRACE PARK
FACE-0289,500,743,38906184,24 WEST HAVEN ST
FACE-0284,501,744,38906185,26 WEST HAVEN ST
FACE-0276,502,745,38906186,28 WEST HAVEN ST
FACE-0270,503,746,38906187,30 WEST HAVEN ST
FACE-0266,504,747,38906188,32 WEST HAVEN ST
FACE-0245,505,748,38906189,34 WEST HAVEN ST
FACE-0240,506,749,38906190,36 WEST HAVEN ST
FACE-0233,507,750,38906191,38 WEST HAVEN ST
FACE-0200,508,751,38906192,40 WEST HAVEN ST
FACE-0186,509,752,38906193,42 WEST HAVEN ST
FACE-0812,51,206,38905626,18 GRACE PARK
FACE-0166,510,753,38906194,44 WEST HAVEN ST
FACE-0144,511,754,38906195,46 WEST HAVEN ST
FACE-0185,512,755,38906196,2 MANOR
FACE-0196,513,756,38906197,4 MANOR
FACE-0206,515,757,38906198,8 W MANOR
FACE-0237,516,758,38906199,10 W MANOR
FACE-0243,517,759,38906200,12 MANOR
FACE-0250,518,760,38906201,14 W MANOR
FACE-0267,519,761,38906202,16 W MANOR
FACE-0808,52,199,38905619,13 GRACE PARK
FACE-0098,520,762,38906203,30 TREADLANDS
FACE-0106,521,763,38906204,28 TREADLANDS
FACE-0142,522,764,38906205,20 N CRESCENT
FACE-0121,523,765,38906206,18 CRESCENT
FACE-0109,524,766,38906207,16 CRESCENT
FACE-0104,525,767,38906208,14 N CRESCENT
FACE-0118,526,768,38906209,12 N CRESCENT
FACE-0131,527,769,38906210,10 N CRESCENT
FACE-0149,528,770,38906211,8 N CRESCENT
FACE-0170,529,771,38906212,6 CRESCENT
FACE-0819,53,207,38905627,14 GRACE PARK
FACE-0194,530,772,38906213,4 N CRESCENT
FACE-0208,531,773,38906214,2 CRESCENT
FACE-0093,532,774,38906215,1 BROOK SIDE
FACE-0119,533,775,38906216,3 BROOK SIDE
FACE-0136,534,776,38906217,5 BROOK SIDE
FACE-0159,535,777,38906218,7 BROOK SIDE
FACE-0173,536,778,38906219,9 BROOK SIDE
FACE-0192,537,779,38906220,11 BROOK SIDE
FACE-0201,538,780,38906221,13 BROOK SIDE
FACE-0235,539,781,38906222,15 BROOK SIDE
FACE-0824,54,198,38905618,9 GRACE PARK
FACE-0244,540,782,38906223,17 BROOK SIDE
FACE-0268,541,783,38906224,19 BROOK SIDE
FACE-0275,542,784,38906225,26 TREADLANDS
FACE-0283,543,785,38906226,24 TREADLANDS
FACE-0292,544,786,38906227,22 TREADLANDS
FACE-0300,545,787,38906228,20 TREADLANDS
FACE-0307,546,788,38906229,18 TREADLANDS
FACE-0314,547,789,38906230,16 TREADLANDS
FACE-0322,548,790,38906231,14 TREADLANDS
FACE-0328,549,791,38906232,12 TREADLANDS
FACE-0830,55,208,38905628,10 GRACE PARK
FACE-0337,550,792,38906233,10 TREADLANDS
FACE-0373,551,793,38906234,2 TREADLANDS
FACE-0369,552,794,38906235,4 TREADLANDS
FACE-0364,553,795,38906236,6 TREADLANDS
FACE-0355,554,796,38906237,8 TREADLANDS
FACE-0350,555,797,38906238,23 HABERSHAM PARK
FACE-0341,556,798,38906239,21 HABERSHAM PARK
FACE-0331,557,799,38906240,19 HABERSHAM PARK
FACE-0325,558,800,38906241,17 HABERSHAM PARK
FACE-0318,559,801,38906242,15 HABERSHAM PARK
FACE-0834,56,197,38905617,5 GRACE PARK
FACE-0311,560,802,38906243,13 HABERSHAM PARK
FACE-0305,561,803,38906244,11 HABERSHAM PARK
FACE-0329,562,804,38906245,2 PARK BND
FACE-0340,563,805,38906246,4 PARK BND
FACE-0347,564,806,38906247,6 PARK BND
FACE-0342,565,807,38906248,8 PARK BND
FACE-0330,566,808,38906249,10 PARK BND
FACE-0323,567,809,38906250,12 PARK BND
FACE-0315,568,810,38906251,14 PARK BND
FACE-0286,569,811,38906252,9 PARK BND
FACE-0837,57,209,38905629,6 GRACE PARK
FACE-0291,570,812,38906253,7 PARK BND
FACE-0298,571,813,38906254,5 PARK BND
FACE-0306,572,814,38906255,3 PARK BND
FACE-0310,573,815,38906256,1 PARK BND
FACE-0295,574,816,38906257,9 HABERSHAM PARK
FACE-0287,575,817,38906258,7 HABERSHAM PARK
FACE-0277,576,818,38906259,5 HABERSHAM PARK
FACE-0271,577,819,38906260,3 HABERSHAM PARK
FACE-0265,578,820,38906261,1 HABERSHAM PARK
FACE-0254,579,821,38906262,53 HARFORD
FACE-0841,58,196,38905616,1 GRACE PARK
FACE-0256,580,822,38906263,51 HARFORD
FACE-0257,581,823,38906264,49 HARFORD
FACE-0258,582,824,38906265,47 HARFORD
FACE-0259,583,825,38906266,45 HARFORD
FACE-0260,584,826,38906267,43 HARFORD
FACE-0253,585,827,38906268,41 HARFORD
FACE-0255,586,828,38906269,39 LOUDEN
FACE-0272,587,829,38906270,10 LOUDON
FACE-0278,588,830,38906271,8 LOUDON
FACE-0288,589,831,38906272,1 SHORT CUT
FACE-0843,59,210,38905631,2 GRACE PARK
FACE-0301,590,832,38906273,5 HOLLINGSWORTH RUN
FACE-0293,591,833,38906274,3 HOLLINGSWORTH
FACE-0281,592,834,38906275,1 HOLLINGSWORTH
FACE-0213,593,835,38906276,26 HARFORD
FACE-0210,595,837,38906278,30 HARFORD
FACE-0189,596,838,38906279,15 ABBEY ROW
FACE-0176,597,839,38906280,13 ABBEY ROW
FACE-0164,598,840,38906281,11 ABBEY ROW
FACE-0154,599,841,38906282,9 ABBEY ROW
FACE-0344,6,284,38905712,16 ST PHILLIPS BLVD
FACE-0847,60,195,38905615,169 SOUTH PARK
FACE-0137,600,842,38906283,7 ABBEY ROW
FACE-0123,601,843,38906284,5 ABBEY ROW
FACE-0089,603,845,38906286,1 ABBEY ROW
FACE-0853,61,236,38905657,93 MUM GRACE
FACE-0225,612,854,38906291,32 HARFORD
FACE-0224,613,855,38906292,34 HARFORD
FACE-0222,616,858,38906294,40 HARFORD
FACE-0221,617,859,38906295,42 HARFORD
FACE-0844,62,194,38905614,165 SOUTH PARK
FACE-0148,625,867,38906296,1 VILLAGE ROW
FACE-0150,626,868,38906297,2 VILLAGE ROW
FACE-0852,63,235,38905656,89 MUM GRACE
FACE-0840,64,193,38905613,161 SOUTH PARK
FACE-0193,640,882,38906301,15 HAMLET ROW
FACE-0179,641,883,38906302,13 HAMLET ROW
FACE-0169,642,884,38906303,11 HAMLET ROW
FACE-0158,643,885,38906304,9 HAMLET ROW
FACE-0141,644,886,38906305,7 HAMLET ROW
FACE-0128,645,887,38906306,5 HAMLET ROW
FACE-0112,646,888,38906307,3 HAMLET ROW
FACE-0096,647,889,38906308,1 HAMLET ROW
FACE-0095,648,890,38906309,2 HAMLET ROW
FACE-0111,649,891,38906310,4 HAMLET ROW
FACE-0851,65,234,38905655,85 MUM GRACE
FACE-0127,650,892,38906311,6 HAMLET ROW
FACE-0140,651,893,38906312,8 HAMLET ROW
FACE-0157,652,894,38906313,10 HAMLET ROW
FACE-0168,653,895,38906314,12 HAMLET ROW
FACE-0178,654,896,38906315,14 HAMLET ROW
FACE-0207,655,897,38906316,56 HARFORD
FACE-0202,656,898,38906317,58 HARFORD
FACE-0198,657,899,38906318,60 HARFORD
FACE-0195,658,900,38906319,62 HARFORD
FACE-0191,659,901,38906320,64 HARFORD
FACE-0833,66,192,38905612,157 SOUTH PARK
FACE-0182,660,902,38906321,66 HARFORD
FACE-0167,661,903,38906322,11 CANTON ROW
FACE-0156,662,904,38906323,9 CANTON
FACE-0139,663,905,38906324,7 CANTON
FACE-0126,664,906,38906325,5 CANTON
FACE-0110,665,907,38906326,3 CANTON
FACE-0094,666,908,38906327,1 CANTON ROW
FACE-0147,667,909,38906328,8 CANTON ROW
FACE-0129,668,910,38906329,6 CANTON ROW
FACE-0114,669,911,38906330,4 CANTON ROW
FACE-0850,67,233,38905654,81 MUM GRACE
FACE-0097,670,912,38906331,2 CANTON ROW
FACE-0473,673,942,38906356,37 MOUNT GRACE
FACE-0492,674,943,38906357,39 MOUNT GRACE
FACE-0507,675,944,38906358,41 MOUNT GRACE
FACE-0522,676,945,38906359,43 MOUNT GRACE
FACE-0535,677,946,38906360,45 MOUNT GRACE
FACE-0550,678,947,38906361,47 MOUNT GRACE
FACE-0563,679,948,38906362,49 MOUNT GRACE
FACE-0820,68,191,38905611,153 SOUTH PARK
FACE-0573,680,949,38906363,51 MOUNT GRACE
FACE-0592,681,950,38906364,53 MOUNT GRACE
FACE-0607,682,951,38906365,55 MOUNT GRACE
FACE-0622,683,952,38906366,57 MOUNT GRACE
FACE-0634,684,953,38906367,59 MOUNT GRACE
FACE-0630,685,954,38906368,61 MOUNT GRACE
FACE-0682,686,955,38906369,64 MOUNT GRACE
FACE-0678,687,956,38906370,62 MOUNT GRACE
FACE-0683,688,957,38906371,60 MOUNT GRACE
FACE-0688,689,958,38906372,1 TOMLOW TRACE
FACE-0849,69,232,38905653,77 MUM GRACE
FACE-0693,690,959,38906373,3 TOMLOW TRACE
FACE-0702,691,960,38906374,5 TOMLOW TRACE
FACE-0709,692,961,38906375,7 TOMLOW TRACE
FACE-0717,693,962,38906376,9 TOMLOW TRACE
FACE-0726,694,963,38906377,11 TOMLOW TRACE
FACE-0731,695,964,38906378,13 TOMLOW TRACE
FACE-0722,696,965,38906379,41 OLD BETHEL
FACE-0723,697,966,38906380,39 OLD BETHEL
FACE-0727,698,967,38906381,37 OLD BETHEL
FACE-0733,699,968,38906382,35 OLD BETHEL
FACE-0351,7,154,38905568,19 ST PHILLIPS BLVD
FACE-0810,70,190,38905610,149 SOUTH PARK
FACE-0737,700,969,38906383,33 OLD BETHEL
FACE-0741,701,970,38906384,31 OLD BETHEL
FACE-0747,702,971,38906385,29 OLD BETHEL
FACE-0756,703,972,38906386,27 OLD BETHEL
FACE-0761,704,973,38906387,25 OLD BETHEL
FACE-0759,705,974,38906388,23 OLD BETHEL
FACE-0753,706,975,38906389,21 OLD BETHEL
FACE-0725,707,976,38906390,19 OLD BETHEL
FACE-0705,708,977,38906391,17 OLD BETHEL
FACE-0689,709,978,38906392,15 OLD BETHEL
FACE-0848,71,231,38905652,73 MUM GRACE
FACE-0671,710,979,38906393,13 OLD BETHEL
FACE-0655,711,980,38906394,11 OLD BETHEL
FACE-0641,712,981,38906395,9 OLD BETHEL
FACE-0621,713,982,38906396,7 OLD BETHEL
FACE-0610,714,983,38906397,5 OLD BETHEL
FACE-0600,715,984,38906398,3 OLD BETHEL
FACE-0591,716,985,38906399,1 OLD BETHEL
FACE-0617,717,986,38906400,56 MOUNT GRACE
FACE-0638,718,987,38906401,2 TOMLOW TRACE
FACE-0651,719,988,38906402,4 TOMLOW TRACE
FACE-0795,72,189,38905608,145 SOUTH PARK
FACE-0660,720,989,38906403,6 TOMLOW TRACE
FACE-0677,721,990,38906404,8 TOMLOW TRACE
FACE-0690,722,991,38906405,10 TOMLOW TRACE
FACE-0700,723,992,38906406,12 TOMLOW TRACE
FACE-0581,724,993,38906407,4 OLD BETHEL
FACE-0561,725,994,38906408,2 OLD BETHEL
FACE-0533,726,995,38906409,44 MOUNT GRACE
FACE-0429,727,996,38906410,35 MOUNT GRACE
FACE-0430,728,997,38906411,33 MOUNT GRACE
FACE-0854,729,R100 027 000 1022 0000,38906432,72 OLD OYSTER FACTORY RD
FACE-0846,73,230,38905651,69 MUM GRACE
FACE-0855,730,R100 027 000 1023 0000,38906433,74 OLD OYSTER FACTORY RD
FACE-0856,731,R100 027 000 1024 0000,38906434,76 OLD OYSTER FACTORY RD
FACE-0857,732,R100 027 000 1025 0000,38906435,78 OLD OYSTER FACTORY RD
FACE-0858,733,R100 027 000 1026 0000,38906436,80 OLD OYSTER FACTORY RD
FACE-0859,734,"R100 027 000 1002 0000 (AS OF FEB 2023, THIS # STILL SHOWS ""FUTURE DEVELOPMENT"" AS LEGAL DESCRIPTION ON TAX SITE)",38906415,82 OLD OYSTER FACTORY RD
FACE-0860,735,R100 027 000 1027 0000,38906437,84 OLD OYSTER FACTORY RD
FACE-0861,736,R100 027 000 1028 0000,38906438,86 OLD OYSTER FACTORY RD
FACE-0862,737,R100 027 000 1029 0000,38906439,88 OLD OYSTER FACTORY RD
FACE-0863,738,R100 027 000 1030 0000,38906440,90 OLD OYSTER FACTORY RD
FACE-0784,74,188,38905607,141 SOUTH PARK
FACE-0845,75,229,38905650,65 MUM GRACE
FACE-0774,76,187,38905606,137 SOUTH PARK
FACE-0842,77,228,38905649, 
FACE-0754,78,247,38905671,131 SOUTH PARK
FACE-0836,79,227,38905648, 
FACE-0356,8,285,38905713,20 ST PHILLIPS BLVD
FACE-0735,80,248,38905672,125 SOUTH PARK
FACE-0828,81,226,38905647,14 EVE CRK
FACE-0719,82,297,38905725,119 SOUTH PARK
FACE-0822,83,225,38905646,20 EVE CRK
FACE-0704,84,298,38905726,115 SOUTH PARK
FACE-0817,85,277,38905701,26 EVE CRK
FACE-0695,86,299,38905727,111 SOUTH PARK
FACE-0815,87,276,38905700,32 EVE CRK
FACE-0684,88,300,38905728,107 SOUTH PARK
FACE-0813,89,275,38905699,38 EVE CRK
FACE-0381,9,155,38905569,23 ST PHILLIPS BLVD
FACE-0661,90,301,38905729,103 SOUTH PARK
FACE-0809,91,274,38905698,44 EVE CRK
FACE-0627,92,302,38905730,101 SOUTH PARK
FACE-0807,93,273,38905697,50 EVE CRK
FACE-0652,94,303,38905731,116 COLLIN CAMPBELL
FACE-0806,95,246,38905670,62 EVE CRK
FACE-0675,96,304,38905732,120 COLLIN CAMPBELL
FACE-0800,97,245,38905669,68 EVE CRK
FACE-0816,98,215,38905636,52 MUM GRACE
FACE-0796,99,244,38905668,74 EVE CRK
FACE-0092,C1,134,38905545,1 MARKET
FACE-0172,C11,139,38905550,13 MARKET
FACE-0171,C12,124,38905536,14 MARKET
FACE-0177,C14,123,38905535,18 MARKET
FACE-0249,"C18,C25-1,C25-2","121,146,480",38905533,22 MARKET
FACE-0091,C2,133,38905544,2 MARKET
FACE-0203,C20,120,38905532,24 MARKET
FACE-0238,C22,119,38905531,30 MARKET
FACE-0231,"C22,C27-1,C27-2","119,147,481",38905531,30 MARKET
FACE-0241,C23,145,38905559,27 B MARKET -2
FACE-0230,C24,118,38905530,6 LE CHENE CIR
FACE-0229,C26,117,38905529,8 LE CHENE CIR
FACE-0251,C29,148,38905562,5 LE CHENE CIR
FACE-0226,C30,115,38905527,12 LE CHENE CIR
FACE-0274,C31,149,38905563,7 LE CHENE CIR
FACE-0217,C32,98,38905510,20 HARFORD
FACE-0285,C33,150,38905564,9 ST PHILLIPS BLVD
FACE-0188,C35,114,38905526,15 ASSEMBLY ROW
FACE-0214,C36,96,38905508,24 HARFORD
FACE-0190,C38,99,38905511,16 ASSEMBLY ROW
FACE-0163,C39,112,38905524,11 ASSEMBLY ROW
FACE-0153,C41,111,38905523,9 ASSEMBLY ROW
FACE-0165,C42,101,38905513,12 ASSEMBLY ROW
FACE-0122,C45,109,38905521,5 ASSEMBLY ROW
FACE-0138,C46,103,38905515,8 ASSEMBLY ROW
FACE-0124,C48,104,38905516,6 ASSEMBLY ROW
FACE-0088,C49,107,38905519,1 ASSEMBLY ROW
FACE-0101,C52,106,38905518,2 ASSEMBLY ROW
FACE-0125,C6,127,38905539,6 MARKET
FACE-0155,C9,138,38905549,9 B MARKET 1
